Date,Time,Customer,Product ID,Product Name,Unit Price,Quantity,Line Total
"November 03, 2025",03:15:12 PM,miki,4,Mocha,3.75,1,3.75
"November 03, 2025",03:17:34 PM,skrr,2,Cappuccino,3.0,3,9.0
"November 03, 2025",03:18:11 PM,noh,2,Cappuccino,3.0,2,6.0
"November 03, 2025",03:22:33 PM,moha,5,Americano,2.0,1,2.0
"November 03, 2025",03:25:29 PM,miki,1,Espresso,2.5,2,5.0
"November 03, 2025",03:31:24 PM,muna,3,Latte,3.5,2,7.0
"November 03, 2025",03:37:28 PM,Unknown,3,Latte,3.5,1,3.5
"November 03, 2025",03:41:41 PM,jacar,3,Latte,3.5,1,3.5
"November 03, 2025",03:44:59 PM,ashwaq,3,Latte,3.5,1,3.5
