timestamp,customer,product_id,name,price,qty,line_total
2025-11-03T15:15:12.351836,miki,4,Mocha,3.75,1,3.75
2025-11-03T15:17:34.072911,skrr,2,Cappuccino,3.0,3,9.0
2025-11-03T15:18:11.070316,noh,2,Cappuccino,3.0,2,6.0
2025-11-03T15:22:33.130297,moha,5,Americano,2.0,1,2.0
2025-11-03T15:25:29.850926,miki,1,Espresso,2.5,2,5.0
2025-11-03T15:31:24.650204,muna,3,Latte,3.5,2,7.0
2025-11-03T15:37:28.861044,22,3,Latte,3.5,1,3.5
2025-11-03T15:41:41.582864,jacar,3,Latte,3.5,1,3.5
2025-11-03T15:44:59.628016,ashwaq,3,Latte,3.5,1,3.5
